1;3;0;Saad, Mr. Khalil;male;über 20;0;0;C
2;1;1;Daly, Mr. Peter Denis ;male;über 20;0;0;S
3;2;0;Giles, Mr. Frederick Edward;male;über 20;1;0;S
4;3;0;Zakarian, Mr. Ortin;male;über 20;0;0;C
5;3;0;Andersson, Miss. Ebba Iris Alfrida;female;unter 20;2;2;S
6;3;1;Dahl, Mr. Karl Edwart;male;über 20;0;0;S
7;1;1;Futrelle, Mrs. Jacques Heath (Lily May Peel);female;über 20;1;0;S
8;3;0;Cook, Mr. Jacob;male;über 20;0;0;S
9;3;0;Culumovic, Mr. Jeso;male;unter 20;0;0;S
10;2;0;Hood, Mr. Ambrose Jr;male;über 20;0;0;S
11;1;0;Allison, Miss. Helen Loraine;female;unter 20;1;2;S
12;3;1;Lang, Mr. Fang;male;über 20;0;0;S
13;2;1;Garside, Miss. Ethel;female;über 20;0;0;S
14;1;0;Uruchurtu, Don. Manuel E;male;über 20;0;0;C
15;2;1;Herman, Mrs. Samuel (Jane Laver);female;über 20;1;2;S
16;2;0;Renouf, Mr. Peter Henry;male;über 20;1;0;S
17;3;0;Youseff, Mr. Gerious;male;über 20;0;0;C
18;1;1;Madill, Miss. Georgette Alexandra;female;unter 20;0;1;S
19;3;1;Stranden, Mr. Juho;male;über 20;0;0;S
20;1;0;Williams, Mr. Charles Duane;male;über 20;0;1;C
21;3;0;Chronopoulos, Mr. Apostolos;male;über 20;1;0;C
22;2;1;Bentham, Miss. Lilian W;female;unter 20;0;0;S
23;3;1;"Coutts, Mrs. William (Winnie ""Minnie"" Treanor)";female;über 20;0;2;S
24;1;1;Gibson, Mrs. Leonard (Pauline C Boeson);female;über 20;0;1;C
25;3;0;Asplund, Master. Filip Oscar;male;unter 20;2;2;S
26;3;0;Kalvik, Mr. Johannes Halvorsen;male;über 20;0;0;S
27;3;1;Baclini, Miss. Eugenie;female;unter 20;2;1;C
28;3;0;Badt, Mr. Mohamed;male;über 20;0;0;C
29;3;1;Persson, Mr. Ernst Ulrik;male;über 20;1;0;S
30;2;1;Renouf, Mrs. Peter Henry (Lillian Jefferys);female;über 20;2;0;S
31;1;0;Carrau, Mr. Francisco M;male;über 20;0;0;S
32;1;0;McCaffry, Mr. Thomas Francis;male;über 20;0;0;C
33;3;0;Palsson, Miss. Stina Viola;female;unter 20;2;1;S
34;3;0;de Pelsmaeker, Mr. Alfons;male;unter 20;0;0;S
35;1;0;Artagaveytia, Mr. Ramon;male;über 20;0;0;C
36;1;0;Rowe, Mr. Alfred G;male;über 20;0;0;S
37;3;1;Karun, Mr. Franz;male;über 20;0;1;C
38;1;1;Tucker, Mr. Gilbert Milligan Jr;male;über 20;0;0;C
39;2;0;Botsford, Mr. William Hull;male;über 20;0;0;S
40;3;0;Gilinski, Mr. Eliezer;male;über 20;0;0;S
41;3;0;Wiklund, Mr. Jakob Alfred;male;unter 20;1;0;S
42;3;0;Calic, Mr. Petar;male;unter 20;0;0;S
43;2;0;Denbury, Mr. Herbert;male;über 20;0;0;S
44;1;1;Hays, Mrs. Charles Melville (Clara Jennings Gregg);female;über 20;1;1;S
45;3;1;Salkjelsvik, Miss. Anna Kristine;female;über 20;0;0;S
46;2;0;Jenkin, Mr. Stephen Curnow;male;über 20;0;0;S
47;3;0;Larsson-Rondberg, Mr. Edvard A;male;über 20;0;0;S
48;2;0;Angle, Mr. William A;male;über 20;1;0;S
49;2;0;Hale, Mr. Reginald;male;über 20;0;0;S
50;2;0;Stokes, Mr. Philip Joseph;male;über 20;0;0;S
51;3;0;Nieminen, Miss. Manta Josefina;female;über 20;0;0;S
52;3;1;"Leeni, Mr. Fahim (""Philip Zenni"")";male;über 20;0;0;C
53;3;1;Johnson, Miss. Eleanor Ileen;female;unter 20;1;1;S
54;3;0;Davies, Mr. Alfred J;male;über 20;2;0;S
55;2;0;Pengelly, Mr. Frederick William;male;unter 20;0;0;S
56;2;0;Mudd, Mr. Thomas Charles;male;unter 20;0;0;S
57;1;1;Ryerson, Miss. Emily Borie;female;unter 20;2;2;C
58;3;0;Rosblom, Mrs. Viktor (Helena Wilhelmina);female;über 20;0;2;S
59;1;1;Gracie, Col. Archibald IV;male;über 20;0;0;C
60;1;1;Bowerman, Miss. Elsie Edith;female;über 20;0;1;S
61;2;1;Hamalainen, Master. Viljo;male;unter 20;1;1;S
62;3;0;Attalah, Mr. Sleiman;male;über 20;0;0;C
63;3;0;Burns, Miss. Mary Delia;female;unter 20;0;0;Q
64;3;0;Lievens, Mr. Rene Aime;male;über 20;0;0;S
65;3;0;Ilmakangas, Miss. Ida Livija;female;über 20;1;0;S
66;3;0;Goodwin, Mr. Charles Edward;male;unter 20;2;2;S
67;3;0;Foley, Mr. Joseph;male;über 20;0;0;Q
68;1;1;Compton, Mrs. Alexander Taylor (Mary Eliza Ingersoll);female;über 20;0;2;C
69;1;0;Birnbaum, Mr. Jakob;male;über 20;0;0;C
70;3;0;Christmann, Mr. Emil;male;über 20;0;0;S
71;3;0;Jensen, Mr. Niels Peder;male;über 20;0;0;S
72;3;0;Delalic, Mr. Redjo;male;über 20;0;0;S
73;2;0;Schmidt, Mr. August;male;über 20;0;0;S
74;1;0;Kenyon, Mr. Frederick R;male;über 20;1;0;S
75;2;1;"Troutt, Miss. Edwina Celia ""Winnie""";female;über 20;0;0;S
76;3;1;Hedman, Mr. Oskar Arvid;male;über 20;0;0;S
77;1;1;Mock, Mr. Philipp Edmund;male;über 20;1;0;C
78;3;0;Andersson, Mr. Anders Johan;male;über 20;1;2;S
79;3;0;Nysveen, Mr. Johan Hansen;male;über 20;0;0;S
80;1;0;Meyer, Mr. Edgar Joseph;male;über 20;1;0;C
81;3;1;Krekorian, Mr. Neshan;male;über 20;0;0;C
82;3;1;Sap, Mr. Julius;male;über 20;0;0;S
83;1;1;Crosby, Miss. Harriet R;female;über 20;0;2;S
84;2;1;Caldwell, Mr. Albert Francis;male;über 20;1;1;S
85;3;0;Celotti, Mr. Francesco;male;über 20;0;0;S
86;3;0;Kelly, Mr. James;male;über 20;0;0;Q
87;3;1;Nysten, Miss. Anna Sofia;female;über 20;0;0;S
88;3;0;Pettersson, Miss. Ellen Natalia;female;unter 20;0;0;S
89;3;0;Fischer, Mr. Eberhard Thelander;male;unter 20;0;0;S
90;3;0;Mionoff, Mr. Stoytcho;male;über 20;0;0;S
91;2;0;Gale, Mr. Shadrach;male;über 20;1;0;S
92;1;1;Spedden, Master. Robert Douglas;male;unter 20;0;2;C
93;2;0;Gaskell, Mr. Alfred;male;unter 20;0;0;S
94;1;1;Ryerson, Master. John Borie;male;unter 20;2;2;C
95;3;0;Dintcheff, Mr. Valtcho;male;über 20;0;0;S
96;2;0;Hold, Mr. Stephen;male;über 20;1;0;S
97;1;1;Bishop, Mr. Dickinson H;male;über 20;1;0;C
98;3;0;Asim, Mr. Adola;male;über 20;0;0;S
99;3;1;"Goldsmith, Master. Frank John William ""Frankie""";male;unter 20;0;2;S
100;3;0;Pekoniemi, Mr. Edvard;male;über 20;0;0;S
101;3;0;Lindahl, Miss. Agda Thorilda Viktoria;female;über 20;0;0;S
102;3;0;Abbott, Master. Eugene Joseph;male;unter 20;0;2;S
103;1;1;"Duff Gordon, Sir. Cosmo Edmund (""Mr Morgan"")";male;über 20;1;0;C
104;2;0;Chapman, Mr. John Henry;male;über 20;1;0;S
105;3;0;Goodwin, Mr. Charles Frederick;male;über 20;1;2;S
106;1;1;Oliva y Ocana, Dona. Fermina;female;über 20;0;0;C
107;3;0;Soholt, Mr. Peter Andreas Lauritz Andersen;male;unter 20;0;0;S
108;1;1;Snyder, Mr. John Pillsbury;male;über 20;1;0;S
109;3;0;Braund, Mr. Owen Harris;male;über 20;1;0;S
110;3;0;Betros, Mr. Tannous;male;über 20;0;0;C
111;3;0;Pokrnic, Mr. Mate;male;unter 20;0;0;S
112;1;1;Silvey, Mrs. William Baird (Alice Munger);female;über 20;1;0;S
113;1;1;Warren, Mrs. Frank Manley (Anna Sophia Atkinson);female;über 20;1;0;C
114;1;0;Baxter, Mr. Quigg Edmond;male;über 20;0;1;C
115;3;0;Skoog, Mrs. William (Anna Bernhardina Karlsson);female;über 20;1;2;S
116;3;0;Buckley, Miss. Katherine;female;unter 20;0;0;Q
117;2;0;Jefferys, Mr. Ernest Wilfred;male;über 20;2;0;S
118;1;0;Loring, Mr. Joseph Holland;male;über 20;0;0;S
119;1;1;Greenfield, Mr. William Bertram;male;über 20;0;1;C
120;3;0;Jussila, Miss. Katriina;female;über 20;1;0;S
121;3;0;Ali, Mr. Ahmed;male;über 20;0;0;S
122;3;1;"Andersson, Mr. August Edvard (""Wennerstrom"")";male;über 20;0;0;S
123;3;0;Hakkarainen, Mr. Pekka Pietari;male;über 20;1;0;S
124;1;1;Douglas, Mrs. Walter Donald (Mahala Dutton);female;über 20;1;0;C
125;1;0;Andrews, Mr. Thomas Jr;male;über 20;0;0;S
126;1;1;Allen, Miss. Elisabeth Walton;female;über 20;0;0;S
127;3;0;van Billiard, Mr. Austin Blyler;male;über 20;0;2;S
128;1;1;Penasco y Castellana, Mrs. Victor de Satode (Maria Josefa Perez de Soto y Vallejo);female;unter 20;1;0;C
129;3;0;Augustsson, Mr. Albert;male;über 20;0;0;S
130;3;0;Rice, Master. Eugene;male;unter 20;2;1;Q
131;1;0;Ryerson, Mr. Arthur Larned;male;über 20;1;2;C
132;2;0;Hickman, Mr. Stanley George;male;über 20;2;0;S
133;2;1;Mallet, Master. Andre;male;unter 20;0;2;C
134;2;0;Swane, Mr. George;male;unter 20;0;0;S
135;2;0;Louch, Mr. Charles Alexander;male;über 20;1;0;S
136;2;1;Pallas y Castello, Mr. Emilio;male;über 20;0;0;C
137;2;0;Rogers, Mr. Reginald Harry;male;unter 20;0;0;S
138;2;0;Troupiansky, Mr. Moses Aaron;male;über 20;0;0;S
139;3;1;Moor, Mrs. (Beila);female;über 20;0;1;S
140;1;1;Frauenthal, Dr. Henry William;male;über 20;2;0;S
141;1;1;Newsom, Miss. Helen Monypeny;female;unter 20;0;2;S
142;3;0;Abbing, Mr. Anthony;male;über 20;0;0;S
143;1;1;Compton, Miss. Sara Rebecca;female;über 20;1;1;C
144;1;0;Van der hoef, Mr. Wyckoff;male;über 20;0;0;S
145;2;0;Fillbrook, Mr. Joseph Charles;male;unter 20;0;0;S
146;1;0;Millet, Mr. Francis Davis;male;über 20;0;0;S
147;1;1;Fortune, Miss. Ethel Flora;female;über 20;2;2;S
148;1;1;Endres, Miss. Caroline Louise;female;über 20;0;0;C
149;1;1;McGough, Mr. James Robert;male;über 20;0;0;S
150;3;0;Lobb, Mrs. William Arthur (Cordelia K Stanlick);female;über 20;1;0;S
151;3;0;Kallio, Mr. Nikolai Erland;male;unter 20;0;0;S
152;1;1;"Homer, Mr. Harry (""Mr E Haven"")";male;über 20;0;0;C
153;1;1;Francatelli, Miss. Laura Mabel;female;über 20;0;0;C
154;1;1;Wick, Miss. Mary Natalie;female;über 20;0;2;S
155;1;1;Young, Miss. Marie Grice;female;über 20;0;0;C
156;1;1;"Duff Gordon, Lady. (Lucille Christiana Sutherland) (""Mrs Morgan"")";female;über 20;1;0;C
157;1;1;Stone, Mrs. George Nelson (Martha Evelyn);female;über 20;0;0;S
158;3;1;Thomas, Master. Assad Alexander;male;unter 20;0;1;C
159;1;0;Compton, Mr. Alexander Taylor Jr;male;über 20;1;1;C
160;3;1;Dean, Mrs. Bertram (Eva Georgetta Light);female;über 20;1;2;S
161;1;0;Ostby, Mr. Engelhart Cornelius;male;über 20;0;1;C
162;3;0;Vovk, Mr. Janko;male;über 20;0;0;S
163;3;0;Rosblom, Miss. Salli Helena;female;unter 20;1;1;S
164;3;0;Bostandyeff, Mr. Guentcho;male;über 20;0;0;S
165;2;1;Nasser, Mrs. Nicholas (Adele Achem);female;unter 20;1;0;C
166;2;0;Norman, Mr. Robert Douglas;male;über 20;0;0;S
167;3;0;Gustafsson, Mr. Alfred Ossian;male;über 20;0;0;S
168;2;1;Duran y More, Miss. Asuncion;female;über 20;1;0;C
169;1;1;Lurette, Miss. Elise;female;über 20;0;0;C
170;1;1;Frolicher-Stehli, Mrs. Maxmillian (Margaretha Emerentia Stehli);female;über 20;1;1;C
171;3;1;Turkula, Mrs. (Hedwig);female;über 20;0;0;S
172;3;0;Goodwin, Master. Harold Victor;male;unter 20;2;2;S
173;1;0;Reuchlin, Jonkheer. John George;male;über 20;0;0;S
174;1;1;Thayer, Mrs. John Borland (Marian Longstreth Morris);female;über 20;1;1;C
175;3;0;Alexander, Mr. William;male;über 20;0;0;S
176;3;0;Robins, Mrs. Alexander A (Grace Charity Laury);female;über 20;1;0;S
177;3;1;Barah, Mr. Hanna Assi;male;über 20;0;0;C
178;2;0;Brown, Mr. Thomas William Solomon;male;über 20;1;1;S
179;3;0;Sivola, Mr. Antti Wilhelm;male;über 20;0;0;S
180;3;0;Carr, Miss. Jeannie;female;über 20;0;0;Q
181;2;0;Fynney, Mr. Joseph J;male;über 20;0;0;S
182;1;0;Cumings, Mr. John Bradley;male;über 20;1;0;C
183;3;0;Olsson, Miss. Elina;female;über 20;0;0;S
184;3;1;Badman, Miss. Emily Louisa;female;unter 20;0;0;S
185;2;0;Byles, Rev. Thomas Roussel Davids;male;über 20;0;0;S
186;2;0;"Navratil, Mr. Michel (""Louis M Hoffman"")";male;über 20;0;2;S
187;3;0;Allum, Mr. Owen George;male;unter 20;0;0;S
188;1;0;Harrison, Mr. William;male;über 20;0;0;S
189;1;1;Marvin, Mrs. Daniel Warner (Mary Graham Carmichael Farquarson);female;unter 20;1;0;S
190;1;1;Snyder, Mrs. John Pillsbury (Nelle Stevenson);female;über 20;1;0;S
191;1;1;Dick, Mr. Albert Adrian;male;über 20;1;0;S
192;2;0;Levy, Mr. Rene Jacques;male;über 20;0;0;C
193;3;0;Olsvigen, Mr. Thor Anderson;male;über 20;0;0;S
194;1;1;Harris, Mrs. Henry Birkhardt (Irene Wallach);female;über 20;1;0;S
195;3;0;Connors, Mr. Patrick;male;über 20;0;0;Q
196;3;0;Braund, Mr. Lewis Richard;male;über 20;1;0;S
197;1;1;Stengel, Mr. Charles Emil Henry;male;über 20;1;0;C
198;2;1;Doling, Miss. Elsie;female;unter 20;0;1;S
199;2;0;"Morley, Mr. Henry Samuel (""Mr Henry Marshall"")";male;über 20;0;0;S
200;3;1;Pickard, Mr. Berk (Berk Trembisky);male;über 20;0;0;S
201;1;0;Weir, Col. John;male;über 20;0;0;S
202;1;1;Andrews, Miss. Kornelia Theodosia;female;über 20;1;0;S
203;3;0;Palsson, Master. Gosta Leonard;male;unter 20;2;1;S
204;3;0;Haas, Miss. Aloisia;female;über 20;0;0;S
205;1;1;Blank, Mr. Henry;male;über 20;0;0;C
206;3;0;Larsson, Mr. Bengt Edvin;male;über 20;0;0;S
207;1;1;Ryerson, Mrs. Arthur Larned (Emily Maria Borie);female;über 20;1;2;C
208;3;0;Sivic, Mr. Husein;male;über 20;0;0;S
209;3;1;"Coutts, Master. William Loch ""William""";male;unter 20;1;1;S
210;2;0;Eitemiller, Mr. George Floyd;male;über 20;0;0;S
211;2;1;Duran y More, Miss. Florentina;female;über 20;1;0;C
212;1;1;Allison, Master. Hudson Trevor;male;unter 20;1;2;S
213;3;1;Sunderland, Mr. Victor Francis;male;unter 20;0;0;S
214;3;1;Goldsmith, Mrs. Frank John (Emily Alice Brown);female;über 20;1;1;S
215;3;0;Olsen, Mr. Henry Margido;male;über 20;0;0;S
216;3;0;Stanley, Mr. Edward Roland;male;über 20;0;0;S
217;1;1;Dodge, Dr. Washington;male;über 20;1;1;S
218;2;1;Abelson, Mrs. Samuel (Hannah Wizosky);female;über 20;1;0;C
219;3;0;Eklund, Mr. Hans Linus;male;unter 20;0;0;S
220;3;0;Lindell, Mrs. Edvard Bengtsson (Elin Gerda Persson);female;über 20;1;0;S
221;3;1;Johnson, Master. Harold Theodor;male;unter 20;1;1;S
222;1;1;Schabert, Mrs. Paul (Emma Mock);female;über 20;1;0;C
223;3;0;Zabour, Miss. Hileni;female;unter 20;1;0;C
224;1;0;Wick, Mr. George Dennick;male;über 20;1;1;S
225;3;0;Peacock, Mrs. Benjamin (Edith Nile);female;über 20;0;2;S
226;3;1;Andersson, Miss. Erna Alexandra;female;unter 20;2;2;S
227;1;1;White, Mrs. John Stuart (Ella Holmes);female;über 20;0;0;C
228;2;0;Ashby, Mr. John;male;über 20;0;0;S
229;1;1;Harper, Mrs. Henry Sleeper (Myna Haxtun);female;über 20;1;0;C
230;3;0;Perkin, Mr. John Henry;male;über 20;0;0;S
231;1;1;Candee, Mrs. Edward (Helen Churchill Hungerford);female;über 20;0;0;C
232;3;1;"Thomas, Mrs. Alexander (Thamine ""Thelma"")";female;unter 20;1;1;C
233;3;0;Gallagher, Mr. Martin;male;über 20;0;0;Q
234;3;0;Connaghton, Mr. Michael;male;über 20;0;0;Q
235;3;0;Hansen, Mr. Claus Peter;male;über 20;2;0;S
236;1;1;Ismay, Mr. Joseph Bruce;male;über 20;0;0;S
237;2;0;Jefferys, Mr. Clifford Thomas;male;über 20;2;0;S
238;2;0;Abelson, Mr. Samuel;male;über 20;1;0;C
239;2;1;Hold, Mrs. Stephen (Annie Margaret Hill);female;über 20;1;0;S
240;3;0;Dooley, Mr. Patrick;male;über 20;0;0;Q
241;2;1;Quick, Miss. Phyllis May;female;unter 20;1;1;S
242;3;0;Johnson, Mr. William Cahoone Jr;male;unter 20;0;0;S
243;1;0;Isham, Miss. Ann Elizabeth;female;über 20;0;0;C
244;1;1;Cardeza, Mrs. James Warburton Martinez (Charlotte Wardle Drake);female;über 20;0;1;C
245;1;0;Minahan, Dr. William Edward;male;über 20;2;0;Q
246;3;1;Tenglin, Mr. Gunnar Isidor;male;über 20;0;0;S
247;3;1;Asplund, Master. Edvin Rojj Felix;male;unter 20;2;2;S
248;3;1;Baclini, Miss. Helene Barbara;female;unter 20;2;1;C
249;2;0;Gale, Mr. Harry;male;über 20;1;0;S
250;1;1;Douglas, Mrs. Frederick Charles (Mary Helene Baxter);female;über 20;1;1;C
251;3;0;Coleff, Mr. Satio;male;über 20;0;0;S
252;3;0;Barton, Mr. David John;male;über 20;0;0;S
253;3;0;Pasic, Mr. Jakob;male;über 20;0;0;S
254;1;1;Silverthorne, Mr. Spencer Victor;male;über 20;0;0;S
255;1;1;Daniel, Mr. Robert Williams;male;über 20;0;0;S
256;3;0;Leonard, Mr. Lionel;male;über 20;0;0;S
257;2;0;Drew, Mr. James Vivian;male;über 20;1;1;S
258;2;1;Lehmann, Miss. Bertha;female;unter 20;0;0;C
259;2;0;Turpin, Mr. William John Robert;male;über 20;1;0;S
260;2;0;Faunthorpe, Mr. Harry;male;über 20;1;0;S
261;1;0;Hays, Mr. Charles Melville;male;über 20;1;1;S
262;2;0;Ponesell, Mr. Martin;male;über 20;0;0;S
263;1;1;Bishop, Mrs. Dickinson H (Helen Walton);female;unter 20;1;0;C
264;3;0;Goodwin, Master. William Frederick;male;unter 20;2;2;S
265;2;0;Hocking, Mr. Richard George;male;über 20;2;1;S
266;2;1;del Carlo, Mrs. Sebastiano (Argenia Genovesi);female;über 20;1;0;C
267;3;1;Sandstrom, Miss. Beatrice Irene;female;unter 20;1;1;S
268;3;0;Hanna, Mr. Mansour;male;über 20;0;0;C
269;2;0;Greenberg, Mr. Samuel;male;über 20;0;0;S
270;1;1;Simonius-Blumer, Col. Oberst Alfons;male;über 20;0;0;C
271;1;0;Blackwell, Mr. Stephen Weart;male;über 20;0;0;S
272;1;1;Bird, Miss. Ellen;female;über 20;0;0;S
273;3;1;Hellstrom, Miss. Hilda Maria;female;über 20;0;0;S
274;2;0;Giles, Mr. Ralph;male;über 20;0;0;S
275;1;0;Moore, Mr. Clarence Bloomfield;male;über 20;0;0;S
276;3;0;Rice, Master. George Hugh;male;unter 20;2;1;Q
277;3;0;Braf, Miss. Elin Ester Maria;female;über 20;0;0;S
278;1;1;Cleaver, Miss. Alice;female;über 20;0;0;S
279;1;1;Eustis, Miss. Elizabeth Mussey;female;über 20;1;0;C
280;1;1;Fortune, Mrs. Mark (Mary McDougald);female;über 20;1;2;S
281;3;1;Hakkarainen, Mrs. Pekka Pietari (Elin Matilda Dolck);female;über 20;1;0;S
282;2;1;West, Mrs. Edwy Arthur (Ada Mary Worth);female;über 20;1;2;S
283;2;0;Wheadon, Mr. Edward H;male;über 20;0;0;S
284;2;0;Nicholls, Mr. Joseph Charles;male;unter 20;1;1;S
285;1;1;Sagesser, Mlle. Emma;female;über 20;0;0;C
286;3;0;Adams, Mr. John;male;über 20;0;0;S
287;1;1;Kimball, Mr. Edwin Nelson Jr;male;über 20;1;0;S
288;2;1;Davies, Mrs. John Morgan (Elizabeth Agnes Mary White) ;female;über 20;0;2;S
289;3;0;Nancarrow, Mr. William Henry;male;über 20;0;0;S
290;3;0;Rush, Mr. Alfred George John;male;unter 20;0;0;S
291;2;0;McCrie, Mr. James Matthew;male;über 20;0;0;S
292;3;0;Barbara, Mrs. (Catherine David);female;über 20;0;1;C
293;2;0;Clarke, Mr. Charles Valentine;male;über 20;1;0;S
294;3;1;Ohman, Miss. Velin;female;über 20;0;0;S
295;2;1;Quick, Miss. Winifred Vera;female;unter 20;1;1;S
296;3;0;Van Impe, Mrs. Jean Baptiste (Rosalie Paula Govaert);female;über 20;1;1;S
297;3;1;Yasbeck, Mrs. Antoni (Selini Alexander);female;unter 20;1;0;C
298;3;1;de Messemaeker, Mr. Guillaume Joseph;male;über 20;1;0;S
299;1;1;Carter, Mrs. William Ernest (Lucile Polk);female;über 20;1;2;S
300;1;0;Maguire, Mr. John Edward;male;über 20;0;0;S
301;2;0;Aldworth, Mr. Charles Augustus;male;über 20;0;0;S
302;1;1;Chevre, Mr. Paul Romaine;male;über 20;0;0;C
303;2;0;de Brito, Mr. Jose Joaquim;male;über 20;0;0;S
304;3;0;Laitinen, Miss. Kristina Sofia;female;über 20;0;0;S
305;2;0;Maybery, Mr. Frank Hubert;male;über 20;0;0;S
306;3;1;Lindqvist, Mr. Eino William;male;über 20;1;0;S
307;3;0;Svensson, Mr. Olof;male;über 20;0;0;S
308;2;0;"Cotterill, Mr. Henry ""Harry""";male;über 20;0;0;S
309;3;0;Petersen, Mr. Marius;male;über 20;0;0;S
310;1;0;Sutton, Mr. Frederick;male;über 20;0;0;S
311;2;1;Shelley, Mrs. William (Imanita Parrish Hall);female;über 20;0;1;S
312;3;1;Abrahim, Mrs. Joseph (Sophie Halaut Easu);female;unter 20;0;0;C
313;3;0;Stankovic, Mr. Ivan;male;über 20;0;0;C
314;1;1;Longley, Miss. Gretchen Fiske;female;über 20;0;0;S
315;3;0;Cor, Mr. Liudevit;male;unter 20;0;0;S
316;2;1;Herman, Miss. Kate;female;über 20;1;2;S
317;2;0;Keane, Mr. Daniel;male;über 20;0;0;Q
318;3;0;Dimic, Mr. Jovan;male;über 20;0;0;S
319;2;0;Sedgwick, Mr. Charles Frederick Waddington;male;über 20;0;0;S
320;1;1;Barkworth, Mr. Algernon Henry Wilson;male;über 20;0;0;S
321;1;1;Lines, Miss. Mary Conover;female;unter 20;0;1;S
322;1;1;Stahelin-Maeglin, Dr. Max;male;über 20;0;0;C
323;3;1;Abrahamsson, Mr. Abraham August Johannes;male;über 20;0;0;S
324;3;0;Dakic, Mr. Branko;male;unter 20;0;0;S
325;3;1;Dowdell, Miss. Elizabeth;female;über 20;0;0;S
326;3;0;Henriksson, Miss. Jenny Lovisa;female;über 20;0;0;S
327;3;0;Bengtsson, Mr. John Viktor;male;über 20;0;0;S
328;1;0;White, Mr. Richard Frasar;male;über 20;0;1;S
329;3;1;Devaney, Miss. Margaret Delia;female;unter 20;0;0;Q
330;2;1;Webber, Miss. Susan;female;über 20;0;0;S
331;3;0;Ahlin, Mrs. Johan (Johanna Persdotter Larsson);female;über 20;1;0;S
332;3;0;Hagardon, Miss. Kate;female;unter 20;0;0;Q
333;2;1;Richards, Master. George Sibley;male;unter 20;1;1;S
334;2;1;Lemore, Mrs. (Amelia Milley);female;über 20;0;0;S
335;3;1;Andersen-Jensen, Miss. Carla Christine Nielsine;female;unter 20;1;0;S
336;3;0;Wiklund, Mr. Karl Johan;male;über 20;1;0;S
337;3;0;Theobald, Mr. Thomas Leonard;male;über 20;0;0;S
338;2;0;Milling, Mr. Jacob Christian;male;über 20;0;0;S
339;3;0;Moen, Mr. Sigurd Hansen;male;über 20;0;0;S
340;3;0;Van Impe, Miss. Catharina;female;unter 20;0;2;S
341;3;0;Karlsson, Mr. Nils August;male;über 20;0;0;S
342;3;0;Pavlovic, Mr. Stefo;male;über 20;0;0;S
343;1;0;Marvin, Mr. Daniel Warner;male;unter 20;1;0;S
344;1;1;Kreuchen, Miss. Emilie;female;über 20;0;0;S
345;2;1;Rugg, Miss. Emily;female;über 20;0;0;S
346;3;0;Karlsson, Mr. Julius Konrad Eugen;male;über 20;0;0;S
347;1;0;Porter, Mr. Walter Chamberlain;male;über 20;0;0;S
348;2;1;Hewlett, Mrs. (Mary D Kingcome) ;female;über 20;0;0;S
349;1;1;Chambers, Mr. Norman Campbell;male;über 20;1;0;S
350;1;0;Foreman, Mr. Benjamin Laventall;male;über 20;0;0;C
351;1;1;Kimball, Mrs. Edwin Nelson Jr (Gertrude Parsons);female;über 20;1;0;S
352;3;0;Goodwin, Miss. Lillian Amy;female;unter 20;2;2;S
353;2;1;"Nourney, Mr. Alfred (""Baron von Drachstedt"")";male;über 20;0;0;C
354;3;1;Ayoub, Miss. Banoura;female;unter 20;0;0;C
355;3;0;Strom, Miss. Telma Matilda;female;unter 20;0;1;S
356;2;0;Harbeck, Mr. William H;male;über 20;0;0;S
357;2;1;Becker, Master. Richard F;male;unter 20;2;1;S
358;3;0;Danbom, Mr. Ernst Gilbert;male;über 20;1;1;S
359;1;1;Leader, Dr. Alice (Farnham);female;über 20;0;0;S
360;3;0;Lindell, Mr. Edvard Bengtsson;male;über 20;1;0;S
361;1;0;Pears, Mr. Thomas Clinton;male;über 20;1;0;S
362;3;0;Johansson, Mr. Karl Johan;male;über 20;0;0;S
363;2;1;Mellinger, Mrs. (Elizabeth Anne Maidment);female;über 20;0;1;S
364;3;0;Angheloff, Mr. Minko;male;über 20;0;0;S
365;1;0;Graham, Mr. George Edward;male;über 20;0;1;S
366;1;1;Baxter, Mrs. James (Helene DeLaudeniere Chaput);female;über 20;0;1;C
367;3;0;Hansen, Mr. Henrik Juul;male;über 20;1;0;S
368;3;0;Windelov, Mr. Einar;male;über 20;0;0;S
369;3;0;Asplund, Mr. Carl Oscar Vilhelm Gustafsson;male;über 20;1;2;S
370;2;0;Otter, Mr. Richard;male;über 20;0;0;S
371;2;0;Coleridge, Mr. Reginald Charles;male;über 20;0;0;S
372;1;1;LeRoy, Miss. Bertha;female;über 20;0;0;C
373;2;0;Deacon, Mr. Percy William;male;unter 20;0;0;S
374;2;0;Mack, Mrs. (Mary);female;über 20;0;0;S
375;2;1;"Watt, Mrs. James (Elizabeth ""Bessie"" Inglis Milne)";female;über 20;0;0;S
376;3;1;Johansson Palmquist, Mr. Oskar Leander;male;über 20;0;0;S
377;3;0;Widegren, Mr. Carl/Charles Peter;male;über 20;0;0;S
378;3;1;Touma, Miss. Maria Youssef;female;unter 20;1;1;C
379;3;0;Markoff, Mr. Marin;male;über 20;0;0;C
380;3;1;Connolly, Miss. Kate;female;über 20;0;0;Q
381;1;0;Silvey, Mr. William Baird;male;über 20;1;0;S
382;3;0;Arnold-Franchi, Mr. Josef;male;über 20;1;0;S
383;2;1;Ball, Mrs. (Ada E Hall);female;über 20;0;0;S
384;1;0;Evans, Miss. Edith Corse;female;über 20;0;0;C
385;1;0;Smart, Mr. John Montgomery;male;über 20;0;0;S
386;3;0;Goncalves, Mr. Manuel Estanslas;male;über 20;0;0;S
387;3;0;Niklasson, Mr. Samuel;male;über 20;0;0;S
388;1;0;Astor, Col. John Jacob;male;über 20;1;0;C
389;1;1;Appleton, Mrs. Edward Dale (Charlotte Lamson);female;über 20;2;0;S
390;1;1;Peuchen, Major. Arthur Godfrey;male;über 20;0;0;S
391;3;0;Tikkanen, Mr. Juho;male;über 20;0;0;S
392;2;1;Wilhelms, Mr. Charles;male;über 20;0;0;S
393;1;0;Roebling, Mr. Washington Augustus II;male;über 20;0;0;S
394;2;0;Hunt, Mr. George Henry;male;über 20;0;0;S
395;3;0;Hassan, Mr. Houssein G N;male;unter 20;0;0;C
396;2;1;Portaluppi, Mr. Emilio Ilario Giuseppe;male;über 20;0;0;C
397;1;1;Potter, Mrs. Thomas Jr (Lily Alexenia Wilson);female;über 20;0;1;C
398;2;0;Giles, Mr. Edgar;male;über 20;1;0;S
399;3;0;Carlsson, Mr. Carl Robert;male;über 20;0;0;S
400;1;1;Goldenberg, Mr. Samuel L;male;über 20;1;0;C
401;2;0;Ware, Mr. William Jeffery;male;über 20;1;0;S
402;1;1;Frolicher-Stehli, Mr. Maxmillian;male;über 20;1;1;C
403;1;1;Widener, Mrs. George Dunton (Eleanor Elkins);female;über 20;1;1;C
404;3;0;Spinner, Mr. Henry John;male;über 20;0;0;S
405;2;0;Fahlstrom, Mr. Arne Jonas;male;unter 20;0;0;S
406;3;0;Mineff, Mr. Ivan;male;über 20;0;0;S
407;2;1;Beane, Mrs. Edward (Ethel Clarke);female;unter 20;1;0;S
408;1;0;Fortune, Mr. Charles Alexander;male;unter 20;2;2;S
409;2;1;Bryhl, Miss. Dagmar Jenny Ingeborg ;female;über 20;1;0;S
410;3;0;Ling, Mr. Lee;male;über 20;0;0;S
411;2;0;Meyer, Mr. August;male;über 20;0;0;S
412;3;0;Rice, Master. Eric;male;unter 20;2;1;Q
413;3;0;"Ford, Miss. Robina Maggie ""Ruby""";female;unter 20;2;2;S
414;2;1;Clarke, Mrs. Charles V (Ada Maria Winfield);female;über 20;1;0;S
415;3;0;Vande Walle, Mr. Nestor Cyriel;male;über 20;0;0;S
416;2;1;Laroche, Mrs. Joseph (Juliette Marie Louise Lafargue);female;über 20;1;2;C
417;2;1;"Angle, Mrs. William A (Florence ""Mary"" Agnes Hughes)";female;über 20;1;0;S
418;2;0;Jacobsohn, Mr. Sidney Samuel;male;über 20;1;0;S
419;1;1;Anderson, Mr. Harry;male;über 20;0;0;S
420;3;0;Panula, Mr. Jaako Arnold;male;unter 20;2;1;S
421;3;1;Bing, Mr. Lee;male;über 20;0;0;S
422;3;1;Moor, Master. Meier;male;unter 20;0;1;S
423;3;0;Dahlberg, Miss. Gerda Ulrika;female;über 20;0;0;S
424;1;1;Ward, Miss. Anna;female;über 20;0;0;C
425;2;0;Turpin, Mrs. William John Robert (Dorothy Ann Wonnacott);female;über 20;1;0;S
426;3;0;Saundercock, Mr. William Henry;male;über 20;0;0;S
427;1;1;Aubart, Mme. Leontine Pauline;female;über 20;0;0;C
428;3;0;"Lovell, Mr. John Hall (""Henry"")";male;über 20;0;0;S
429;3;1;Osman, Mrs. Mara;female;über 20;0;0;S
430;3;0;Pokrnic, Mr. Tome;male;über 20;0;0;S
431;3;0;Markun, Mr. Johann;male;über 20;0;0;S
432;3;0;Barbara, Miss. Saiide;female;unter 20;0;1;C
433;3;0;Lemberopolous, Mr. Peter L;male;über 20;0;0;C
434;3;1;Landergren, Miss. Aurora Adelia;female;über 20;0;0;S
435;2;0;Ware, Mr. John James;male;über 20;1;0;S
436;1;1;Chaffee, Mrs. Herbert Fuller (Carrie Constance Toogood);female;über 20;1;0;S
437;3;0;Patchett, Mr. George;male;unter 20;0;0;S
438;1;1;Williams, Mr. Richard Norris II;male;über 20;0;1;C
439;3;0;Makinen, Mr. Kalle Edvard;male;über 20;0;0;S
440;3;1;Nilsson, Miss. Helmina Josefina;female;über 20;0;0;S
441;3;0;"Hegarty, Miss. Hanora ""Nora""";female;unter 20;0;0;Q
442;3;0;Hampe, Mr. Leon;male;über 20;0;0;S
443;3;1;Hirvonen, Miss. Hildur E;female;unter 20;0;1;S
444;1;1;Beckwith, Mr. Richard Leonard;male;über 20;1;1;S
445;3;0;Bjorklund, Mr. Ernst Herbert;male;unter 20;0;0;S
446;1;1;Crosby, Mrs. Edward Gifford (Catherine Elizabeth Halstead);female;über 20;1;1;S
447;1;1;Geiger, Miss. Amalie;female;über 20;0;0;C
448;3;0;Duane, Mr. Frank;male;über 20;0;0;Q
449;3;0;Vander Planke, Miss. Augusta Maria;female;unter 20;2;0;S
450;3;0;Strilic, Mr. Ivan;male;über 20;0;0;S
451;1;1;"Flynn, Mr. John Irwin (""Irving"")";male;über 20;0;0;S
452;1;1;Graham, Miss. Margaret Edith;female;unter 20;0;0;S
453;1;1;Cherry, Miss. Gladys;female;über 20;0;0;S
454;3;1;Honkanen, Miss. Eliina;female;über 20;0;0;S
455;3;0;Johansson, Mr. Gustaf Joel;male;über 20;0;0;S
456;2;0;Hickman, Mr. Lewis;male;über 20;2;0;S
457;1;0;Molson, Mr. Harry Markland;male;über 20;0;0;S
458;1;1;Perreault, Miss. Anne;female;über 20;0;0;S
459;1;0;Allison, Mr. Hudson Joshua Creighton;male;über 20;1;2;S
460;1;0;Julian, Mr. Henry Forbes;male;über 20;0;0;S
461;3;0;Rouse, Mr. Richard Henry;male;über 20;0;0;S
462;3;0;Cacic, Mr. Luka;male;über 20;0;0;S
463;2;1;Nye, Mrs. (Elizabeth Ramell);female;über 20;0;0;S
464;3;0;Strom, Mrs. Wilhelm (Elna Matilda Persson);female;über 20;1;1;S
465;3;1;Dean, Master. Bertram Vere;male;unter 20;1;2;S
466;1;1;Cornell, Mrs. Robert Clifford (Malvina Helen Lamson);female;über 20;2;0;S
467;2;0;Laroche, Mr. Joseph Philippe Lemercier;male;über 20;1;2;C
468;3;0;Sirayanian, Mr. Orsen;male;über 20;0;0;C
469;3;0;Balkic, Mr. Cerin;male;über 20;0;0;S
470;3;0;Nirva, Mr. Iisakki Antino Aijo;male;über 20;0;0;S
471;3;1;Nicola-Yarred, Master. Elias;male;unter 20;1;0;C
472;3;0;McGowan, Miss. Katherine;female;über 20;0;0;Q
473;3;0;Zimmerman, Mr. Leo;male;über 20;0;0;S
474;2;1;Navratil, Master. Edmond Roger;male;unter 20;1;1;S
475;3;0;Palsson, Miss. Torborg Danira;female;unter 20;2;1;S
476;1;1;Dodge, Master. Washington;male;unter 20;0;2;S
477;3;0;Assaf, Mr. Gerios;male;über 20;0;0;C
478;1;0;Clark, Mr. Walter Miller;male;über 20;1;0;C
479;3;1;Kink-Heilmann, Mr. Anton;male;über 20;2;1;S
480;1;0;Ross, Mr. John Hugo;male;über 20;0;0;C
481;3;1;Duquemin, Mr. Joseph;male;über 20;0;0;S
482;2;0;Mallet, Mr. Albert;male;über 20;1;1;C
483;3;0;Kink, Miss. Maria;female;über 20;2;0;S
484;2;1;Davies, Master. John Morgan Jr;male;unter 20;1;1;S
485;3;0;Williams, Mr. Leslie;male;über 20;0;0;S
486;2;1;Sincock, Miss. Maude;female;über 20;0;0;S
487;1;1;Taussig, Miss. Ruth;female;unter 20;0;2;S
488;2;1;Jerwan, Mrs. Amin S (Marie Marthe Thuillard);female;über 20;0;0;C
489;3;0;Dantcheff, Mr. Ristiu;male;über 20;0;0;S
490;3;0;Harmer, Mr. Abraham (David Lishin);male;über 20;0;0;S
491;3;0;Conlon, Mr. Thomas Henry;male;über 20;0;0;Q
492;2;0;Lahtinen, Mrs. William (Anna Sylfven);female;über 20;1;1;S
493;3;0;Petroff, Mr. Nedelio;male;unter 20;0;0;S
494;1;0;Straus, Mrs. Isidor (Rosalie Ida Blun);female;über 20;1;0;S
495;3;1;Aks, Master. Philip Frank;male;unter 20;0;1;S
496;3;1;"Nakid, Mrs. Said (Waika ""Mary"" Mowad)";female;unter 20;1;1;C
497;1;0;Payne, Mr. Vivian Ponsonby;male;über 20;0;0;S
498;2;0;Gavey, Mr. Lawrence;male;über 20;0;0;S
499;2;0;Chapman, Mr. Charles Henry;male;über 20;0;0;S
500;2;1;Christy, Mrs. (Alice Frances);female;über 20;0;2;S
501;3;1;"Cohen, Mr. Gurshon ""Gus""";male;unter 20;0;0;S
502;3;0;Osen, Mr. Olaf Elon;male;unter 20;0;0;S
503;3;0;Holthen, Mr. Johan Martin;male;über 20;0;0;S
504;3;0;Jensen, Mr. Svend Lauritz;male;unter 20;1;0;S
505;2;0;Sobey, Mr. Samuel James Hayden;male;über 20;0;0;S
506;2;1;Silven, Miss. Lyyli Karoliina;female;unter 20;0;2;S
507;3;0;Rice, Master. Albert;male;unter 20;2;1;Q
508;2;1;Ridsdale, Miss. Lucy;female;über 20;0;0;S
509;2;0;Sjostedt, Mr. Ernst Adolf;male;über 20;0;0;S
510;2;0;Bracken, Mr. James H;male;über 20;0;0;S
511;3;0;"Riihivouri, Miss. Susanna Juhantytar ""Sanni""";female;über 20;0;0;S
512;3;0;Davies, Mr. Joseph;male;unter 20;2;0;S
513;2;1;Harris, Mr. George;male;über 20;0;0;S
514;3;1;Lundstrom, Mr. Thure Edvin;male;über 20;0;0;S
515;3;0;Burke, Mr. Jeremiah;male;unter 20;0;0;Q
516;2;0;Nasser, Mr. Nicholas;male;über 20;1;0;C
517;3;0;Charters, Mr. David;male;über 20;0;0;Q
518;2;1;Caldwell, Master. Alden Gates;male;unter 20;0;2;S
519;1;1;Lines, Mrs. Ernest H (Elizabeth Lindsey James);female;über 20;0;1;S
520;3;0;Salander, Mr. Karl Johan;male;über 20;0;0;S
521;3;0;Gronnestad, Mr. Daniel Danielsen;male;über 20;0;0;S
522;3;0;Gustafsson, Mr. Johan Birger;male;über 20;2;0;S
523;3;0;Johanson, Mr. Jakob Alfred;male;über 20;0;0;S
524;2;0;Hocking, Mr. Samuel James Metcalfe;male;über 20;0;0;S
525;2;1;"Hocking, Miss. Ellen ""Nellie""";female;über 20;2;1;S
526;3;0;Peltomaki, Mr. Nikolai Johannes;male;über 20;0;0;S
527;3;0;Rintamaki, Mr. Matti;male;über 20;0;0;S
528;3;0;Coelho, Mr. Domingos Fernandeo;male;über 20;0;0;S
529;2;0;Slemen, Mr. Richard James;male;über 20;0;0;S
530;3;0;Arnold-Franchi, Mrs. Josef (Josefine Franchi);female;unter 20;1;0;S
531;3;0;Palsson, Mrs. Nils (Alma Cornelia Berglund);female;über 20;0;2;S
532;3;0;Cacic, Miss. Manda;female;über 20;0;0;S
533;1;0;Beattie, Mr. Thomson;male;über 20;0;0;C
534;1;1;Spedden, Mrs. Frederic Oakley (Margaretta Corning Stone);female;über 20;1;1;C
535;2;0;Pulbaum, Mr. Franz;male;über 20;0;0;C
536;2;0;Collander, Mr. Erik Gustaf;male;über 20;0;0;S
537;3;1;Svensson, Mr. Johan Cervin;male;unter 20;0;0;S
538;3;0;Cacic, Miss. Marija;female;über 20;0;0;S
539;2;0;Bryhl, Mr. Kurt Arnold Gottfrid;male;über 20;1;0;S
540;2;0;Hickman, Mr. Leonard Mark;male;über 20;2;0;S
541;2;0;Richard, Mr. Emile;male;über 20;0;0;C
542;1;1;Shutes, Miss. Elizabeth W;female;über 20;0;0;S
543;3;0;Ekstrom, Mr. Johan;male;über 20;0;0;S
544;3;1;Baclini, Mrs. Solomon (Latifa Qurban);female;über 20;0;2;C
545;1;0;Thayer, Mr. John Borland;male;über 20;1;1;C
546;1;0;Carrau, Mr. Jose Pedro;male;unter 20;0;0;S
547;2;0;Baimbrigge, Mr. Charles Robert;male;über 20;0;0;S
548;2;0;Peruschitz, Rev. Joseph Maria;male;über 20;0;0;S
549;3;0;Andersson, Miss. Ingeborg Constanzia;female;unter 20;2;2;S
550;2;1;Ilett, Miss. Bertha;female;unter 20;0;0;S
551;2;0;McKane, Mr. Peter David;male;über 20;0;0;S
552;2;1;Mellinger, Miss. Madeleine Violet;female;unter 20;0;1;S
553;1;0;Head, Mr. Christopher;male;über 20;0;0;S
554;2;1;Trout, Mrs. William H (Jessie L);female;über 20;0;0;S
555;3;1;Asplund, Mr. Johan Charles;male;über 20;0;0;S
556;3;0;Humblen, Mr. Adolf Mathias Nicolai Olsen;male;über 20;0;0;S
557;3;1;Bradley, Miss. Bridget Delia;female;über 20;0;0;Q
558;2;0;Karnes, Mrs. J Frank (Claire Bennett);female;über 20;0;0;S
559;1;0;Widener, Mr. Harry Elkins;male;über 20;0;2;C
560;2;0;"Yrois, Miss. Henriette (""Mrs Harbeck"")";female;über 20;0;0;S
561;3;1;"Najib, Miss. Adele Kiamie ""Jane""";female;unter 20;0;0;C
562;3;0;Storey, Mr. Thomas;male;über 20;0;0;S
563;3;0;Vander Planke, Mr. Leo Edmondus;male;unter 20;2;0;S
564;2;1;Weisz, Mrs. Leopold (Mathilde Francoise Pede);female;über 20;1;0;S
565;2;1;Quick, Mrs. Frederick Charles (Jane Richards);female;über 20;0;2;S
566;1;0;Davidson, Mr. Thornton;male;über 20;1;0;S
567;3;0;Larsson, Mr. August Viktor;male;über 20;0;0;S
568;2;1;Navratil, Master. Michel M;male;unter 20;1;1;S
569;3;0;Turcin, Mr. Stjepan;male;über 20;0;0;S
570;2;0;Howard, Mr. Benjamin;male;über 20;1;0;S
571;3;0;Boulos, Master. Akar;male;unter 20;1;1;C
572;1;1;Daniels, Miss. Sarah;female;über 20;0;0;S
573;1;1;Bonnell, Miss. Elizabeth;female;über 20;0;0;S
574;3;0;van Billiard, Master. Walter John;male;unter 20;1;1;S
575;3;0;Vander Cruyssen, Mr. Victor;male;über 20;0;0;S
576;1;1;Cardeza, Mr. Thomas Drake Martinez;male;über 20;0;1;C
577;3;1;Dyker, Mrs. Adolf Fredrik (Anna Elisabeth Judith Andersson);female;über 20;1;0;S
578;1;1;Stengel, Mrs. Charles Emil Henry (Annie May Morris);female;über 20;1;0;C
579;2;0;Kantor, Mr. Sinai;male;über 20;1;0;S
580;1;1;Holverson, Mrs. Alexander Oskar (Mary Aline Towner);female;über 20;1;0;S
581;1;1;Lesurer, Mr. Gustave J;male;über 20;0;0;C
582;3;0;Minkoff, Mr. Lazar;male;über 20;0;0;S
583;2;1;Smith, Miss. Marion Elsie;female;über 20;0;0;S
584;2;0;Nesson, Mr. Israel;male;über 20;0;0;S
585;1;1;Rosenbaum, Miss. Edith Louise;female;über 20;0;0;C
586;1;0;Crosby, Capt. Edward Gifford;male;über 20;1;1;S
587;1;1;Ostby, Miss. Helene Ragnhild;female;über 20;0;1;C
588;2;0;Berriman, Mr. William John;male;über 20;0;0;S
589;3;0;Danoff, Mr. Yoto;male;über 20;0;0;S
590;2;0;Herman, Mr. Samuel;male;über 20;1;2;S
591;1;0;Taussig, Mr. Emil;male;über 20;1;1;S
592;3;0;Drazenoic, Mr. Jozef;male;über 20;0;0;C
593;2;0;Leyson, Mr. Robert William Norman;male;über 20;0;0;S
594;3;1;Buckley, Mr. Daniel;male;über 20;0;0;Q
595;3;1;Lulic, Mr. Nikola;male;über 20;0;0;S
596;1;1;Pears, Mrs. Thomas (Edith Wearne);female;über 20;1;0;S
597;1;1;Fortune, Miss. Alice Elizabeth;female;über 20;2;2;S
598;3;0;Skoog, Master. Harald;male;unter 20;2;2;S
599;1;0;Colley, Mr. Edward Pomeroy;male;über 20;0;0;S
600;3;0;Morley, Mr. William;male;über 20;0;0;S
601;3;0;Ford, Mr. William Neal;male;unter 20;1;2;S
602;3;1;Sheerlinck, Mr. Jan Baptist;male;über 20;0;0;S
603;3;1;Turja, Miss. Anna Sofia;female;unter 20;0;0;S
604;3;0;Gustafsson, Mr. Anders Vilhelm;male;über 20;2;0;S
605;1;0;Allison, Mrs. Hudson J C (Bessie Waldo Daniels);female;über 20;1;2;S
606;3;1;"Assaf Khalil, Mrs. Mariana (""Miriam"")";female;über 20;0;0;C
607;3;0;Goldsmith, Mr. Nathan;male;über 20;0;0;S
608;3;0;Elsbury, Mr. William James;male;über 20;0;0;S
609;3;0;Strandberg, Miss. Ida Sofia;female;über 20;0;0;S
610;1;0;Smith, Mr. James Clinch;male;über 20;0;0;C
611;2;0;Funk, Miss. Annie Clemmer;female;über 20;0;0;S
612;2;1;Christy, Miss. Julie Rachel;female;über 20;1;1;S
613;1;0;Jones, Mr. Charles Cresson;male;über 20;0;0;S
614;2;0;Myles, Mr. Thomas Francis;male;über 20;0;0;Q
615;1;1;Gibson, Miss. Dorothy Winifred;female;über 20;0;1;C
616;3;0;Crease, Mr. Ernest James;male;unter 20;0;0;S
617;3;0;"Ford, Miss. Doolina Margaret ""Daisy""";female;über 20;2;2;S
618;3;0;Klasen, Mr. Klas Albin;male;unter 20;1;1;S
619;3;0;Nosworthy, Mr. Richard Cater;male;über 20;0;0;S
620;1;1;"Mayne, Mlle. Berthe Antonine (""Mrs de Villiers"")";female;über 20;0;0;C
621;2;0;Fox, Mr. Stanley Hubert;male;über 20;0;0;S
622;3;1;Nilsson, Miss. Berta Olivia;female;unter 20;0;0;S
623;3;0;Heininen, Miss. Wendla Maria;female;über 20;0;0;S
624;1;1;Swift, Mrs. Frederick Joel (Margaret Welles Barron);female;über 20;0;0;S
625;3;0;Wenzel, Mr. Linhart;male;über 20;0;0;S
626;2;0;Matthews, Mr. William John;male;über 20;0;0;S
627;3;0;Petranec, Miss. Matilda;female;über 20;0;0;S
628;3;0;Olsen, Mr. Karl Siegwart Andreas;male;über 20;0;1;S
629;1;1;Hoyt, Mr. Frederick Maxfield;male;über 20;1;0;S
630;3;0;Brobeck, Mr. Karl Rudolf;male;über 20;0;0;S
631;1;0;Ringhini, Mr. Sante;male;über 20;0;0;C
632;1;1;Bidois, Miss. Rosalie;female;über 20;0;0;C
633;2;1;Caldwell, Mrs. Albert Francis (Sylvia Mae Harbaugh);female;über 20;1;1;S
634;3;0;Hendekovic, Mr. Ignjac;male;über 20;0;0;S
635;2;1;Brown, Mrs. Thomas William Solomon (Elizabeth Catherine Ford);female;über 20;1;1;S
636;1;1;Hays, Miss. Margaret Bechstein;female;über 20;0;0;C
637;2;1;Becker, Miss. Ruth Elizabeth;female;unter 20;2;1;S
638;3;1;Mulvihill, Miss. Bertha E;female;über 20;0;0;Q
639;1;1;Brown, Mrs. James Joseph (Margaret Tobin);female;über 20;0;0;C
640;2;0;Carter, Rev. Ernest Courtenay;male;über 20;1;0;S
641;2;1;Hocking, Mrs. Elizabeth (Eliza Needs);female;über 20;1;2;S
642;3;0;Attalah, Miss. Malake;female;unter 20;0;0;C
643;1;0;Cavendish, Mr. Tyrell William;male;über 20;1;0;S
644;2;0;Harper, Rev. John;male;über 20;0;1;S
645;2;1;Watt, Miss. Bertha J;female;unter 20;0;0;S
646;3;0;Danbom, Mrs. Ernst Gilbert (Anna Sigrid Maria Brogren);female;über 20;1;1;S
647;3;1;Olsson, Mr. Oscar Wilhelm;male;über 20;0;0;S
648;3;0;Wirz, Mr. Albert;male;über 20;0;0;S
649;3;0;Davies, Mr. John Samuel;male;über 20;2;0;S
650;2;0;Reeves, Mr. David;male;über 20;0;0;S
651;3;1;Sjoblom, Miss. Anna Sofia;female;unter 20;0;0;S
652;3;0;Peacock, Master. Alfred Edward;male;unter 20;1;1;S
653;3;0;Elias, Mr. Joseph Jr;male;unter 20;1;1;C
654;1;0;Douglas, Mr. Walter Donald;male;über 20;1;0;C
655;1;0;White, Mr. Percival Wayland;male;über 20;0;1;S
656;3;0;Andersson, Miss. Sigrid Elisabeth;female;unter 20;2;2;S
657;3;0;Salonen, Mr. Johan Werner;male;über 20;0;0;S
658;1;0;Warren, Mr. Frank Manley;male;über 20;1;0;C
659;2;1;Bystrom, Mrs. (Karolina);female;über 20;0;0;S
660;2;1;Brown, Miss. Edith Eileen;female;unter 20;0;2;S
661;2;0;Gill, Mr. John William;male;über 20;0;0;S
662;3;1;"Dean, Miss. Elizabeth Gladys ""Millvina""";female;unter 20;1;2;S
663;1;0;Wright, Mr. George;male;über 20;0;0;S
664;3;1;Lundin, Miss. Olga Elida;female;über 20;0;0;S
665;3;0;Carver, Mr. Alfred John;male;über 20;0;0;S
666;2;1;Drew, Master. Marshall Brines;male;unter 20;0;2;S
667;2;1;Becker, Mrs. Allen Oliver (Nellie E Baumgardner);female;über 20;0;2;S
668;2;1;Richards, Master. William Rowe;male;unter 20;1;1;S
669;3;0;Davies, Mr. Evan;male;über 20;0;0;S
670;3;0;Tomlin, Mr. Ernest Portage;male;über 20;0;0;S
671;2;1;Doling, Mrs. John T (Ada Julia Bone);female;über 20;0;1;S
672;3;1;Nakid, Mr. Sahid;male;über 20;1;1;C
673;1;1;Fortune, Miss. Mabel Helen;female;über 20;2;2;S
674;3;0;Allen, Mr. William Henry;male;über 20;0;0;S
675;2;0;Dibden, Mr. William;male;unter 20;0;0;S
676;2;1;West, Miss. Constance Mirium;female;unter 20;1;2;S
677;2;1;Slayter, Miss. Hilda Mary;female;über 20;0;0;Q
678;3;0;Kelly, Mr. James;male;über 20;0;0;S
679;3;0;Zakarian, Mr. Mapriededer;male;über 20;0;0;C
680;1;0;Nicholson, Mr. Arthur Ernest;male;über 20;0;0;S
681;1;1;Robert, Mrs. Edward Scott (Elisabeth Walton McMillan);female;über 20;0;1;S
682;2;0;Howard, Mrs. Benjamin (Ellen Truelove Arman);female;über 20;1;0;S
683;1;0;Borebank, Mr. John James;male;über 20;0;0;S
684;2;0;Moraweck, Dr. Ernest;male;über 20;0;0;S
685;1;0;Stead, Mr. William Thomas;male;über 20;0;0;S
686;1;1;Bissette, Miss. Amelia;female;über 20;0;0;S
687;2;0;Montvila, Rev. Juozas;male;über 20;0;0;S
688;2;1;Hosono, Mr. Masabumi;male;über 20;0;0;S
689;3;0;Bourke, Mr. John;male;über 20;1;1;Q
690;2;0;Sweet, Mr. George Frederick;male;unter 20;0;0;S
691;3;0;Edvardsson, Mr. Gustaf Hjalmar;male;unter 20;0;0;S
692;3;0;Beavan, Mr. William Thomas;male;unter 20;0;0;S
693;2;1;"Harper, Miss. Annie Jessie ""Nina""";female;unter 20;0;1;S
694;3;0;Ford, Mr. Edward Watson;male;unter 20;2;2;S
695;1;0;Kent, Mr. Edward Austin;male;über 20;0;0;C
696;3;0;Dika, Mr. Mirko;male;unter 20;0;0;S
697;2;1;Louch, Mrs. Charles Alexander (Alice Adelaide Slow);female;über 20;1;0;S
698;2;0;Gillespie, Mr. William Henry;male;über 20;0;0;S
699;1;0;Giglio, Mr. Victor;male;über 20;0;0;C
700;3;0;Jussila, Miss. Mari Aina;female;über 20;1;0;S
701;2;1;"Phillips, Miss. Kate Florence (""Mrs Kate Louise Phillips Marshall"")";female;unter 20;0;0;S
702;3;1;Abelseth, Miss. Karen Marie;female;unter 20;0;0;S
703;3;0;Naidenoff, Mr. Penko;male;über 20;0;0;S
704;1;0;Goldschmidt, Mr. George B;male;über 20;0;0;C
705;2;1;Hamalainen, Mrs. William (Anna);female;über 20;0;2;S
706;2;0;Sharp, Mr. Percival James R;male;über 20;0;0;S
707;1;1;Thayer, Mr. John Borland Jr;male;unter 20;0;2;C
708;1;1;Harder, Mrs. George Achilles (Dorothy Annan);female;über 20;1;0;C
709;2;0;Phillips, Mr. Escott Robert;male;über 20;0;1;S
710;2;0;McCrae, Mr. Arthur Gordon;male;über 20;0;0;S
711;2;1;Toomey, Miss. Ellen;female;über 20;0;0;S
712;3;0;Meo, Mr. Alfonzo;male;über 20;0;0;S
713;3;1;Jansson, Mr. Carl Olof;male;über 20;0;0;S
714;3;1;"Gilnagh, Miss. Katherine ""Katie""";female;unter 20;0;0;Q
715;1;1;Lindstrom, Mrs. Carl Johan (Sigrid Posse);female;über 20;0;0;C
716;1;0;Dulles, Mr. William Crothers;male;über 20;0;0;C
717;1;0;Widener, Mr. George Dunton;male;über 20;1;1;C
718;1;1;Cavendish, Mrs. Tyrell William (Julia Florence Siegel);female;über 20;1;0;S
719;1;1;Harper, Mr. Henry Sleeper;male;über 20;1;0;C
720;1;1;Graham, Mrs. William Thompson (Edith Junkins);female;über 20;0;1;S
721;2;0;Pain, Dr. Alfred;male;über 20;0;0;S
722;3;0;"Bowen, Mr. David John ""Dai""";male;über 20;0;0;S
723;1;1;Carter, Master. William Thornton II;male;unter 20;1;2;S
724;3;0;Palsson, Master. Paul Folke;male;unter 20;2;1;S
725;3;0;Brocklebank, Mr. William Alfred;male;über 20;0;0;S
726;2;0;Stanton, Mr. Samuel Ward;male;über 20;0;0;C
727;2;0;Carbines, Mr. William;male;unter 20;0;0;S
728;3;0;Holm, Mr. John Fredrik Alexander;male;über 20;0;0;S
729;3;1;Aks, Mrs. Sam (Leah Rosen);female;unter 20;0;1;S
730;1;1;Newell, Miss. Madeleine;female;über 20;1;0;C
731;2;1;Kantor, Mrs. Sinai (Miriam Sternin);female;über 20;1;0;S
732;1;1;Hippach, Mrs. Louis Albert (Ida Sophia Fischer);female;über 20;0;1;C
733;1;1;Chambers, Mrs. Norman Campbell (Bertha Griggs);female;über 20;1;0;S
734;3;1;Dorking, Mr. Edward Arthur;male;unter 20;0;0;S
735;3;0;Jensen, Mr. Hans Peder;male;über 20;0;0;S
736;2;0;Davies, Mr. Charles Henry;male;unter 20;0;0;S
737;3;1;Hirvonen, Mrs. Alexander (Helga E Lindqvist);female;über 20;1;1;S
738;3;0;Svensson, Mr. Johan;male;über 20;0;0;S
739;3;0;Alhomaki, Mr. Ilmari Rudolf;male;über 20;0;0;S
740;1;0;Carlsson, Mr. Frans Olof;male;über 20;0;0;S
741;3;0;Robins, Mr. Alexander A;male;über 20;1;0;S
742;3;0;Hansen, Mr. Henry Damsgaard;male;über 20;0;0;S
743;1;0;Penasco y Castellana, Mr. Victor de Satode;male;unter 20;1;0;C
744;3;1;"Nakid, Miss. Maria (""Mary"")";female;unter 20;0;2;C
745;3;1;Touma, Mrs. Darwis (Hanne Youssef Razi);female;über 20;0;2;C
746;2;0;Hiltunen, Miss. Marta;female;unter 20;1;1;S
747;1;0;Walker, Mr. William Anderson;male;über 20;0;0;S
748;1;1;Taussig, Mrs. Emil (Tillie Mandelbaum);female;über 20;1;1;S
749;2;1;Wright, Miss. Marion;female;über 20;0;0;S
750;3;1;Karun, Miss. Manca;female;unter 20;0;1;C
751;3;0;Abbott, Mr. Rossmore Edward;male;unter 20;1;1;S
752;1;0;Case, Mr. Howard Brown;male;über 20;0;0;S
753;3;0;Canavan, Miss. Mary;female;über 20;0;0;Q
754;2;1;Phillips, Miss. Alice Frances Louisa;female;über 20;0;1;S
755;1;0;Straus, Mr. Isidor;male;über 20;1;0;S
756;3;0;Vande Velde, Mr. Johannes Joseph;male;über 20;0;0;S
757;1;0;Partner, Mr. Austen;male;über 20;0;0;S
758;3;1;Asplund, Mrs. Carl Oscar (Selma Augusta Emilia Johansson);female;über 20;1;2;S
759;2;0;Andrew, Mr. Frank Thomas;male;über 20;0;0;S
760;1;0;Ovies y Rodriguez, Mr. Servando;male;über 20;0;0;C
761;3;0;Daher, Mr. Shedid;male;über 20;0;0;C
762;3;0;Johansson, Mr. Erik;male;über 20;0;0;S
763;3;0;Odahl, Mr. Nils Martin;male;über 20;0;0;S
764;3;0;Carlsson, Mr. August Sigfrid;male;über 20;0;0;S
765;3;0;Sage, Master. William Henry;male;unter 20;2;2;S
766;1;0;Fortune, Mr. Mark;male;über 20;1;2;S
767;3;1;Madsen, Mr. Fridtjof Arne;male;über 20;0;0;S
768;3;0;Andersson, Mr. Johan Samuel;male;über 20;0;0;S
769;1;1;Icard, Miss. Amelie;female;über 20;0;0;S
770;3;1;Cribb, Miss. Laura Alice;female;unter 20;0;1;S
771;3;0;Andersson, Master. Sigvard Harald Elias;male;unter 20;2;2;S
772;2;1;Herman, Miss. Alice;female;über 20;1;2;S
773;3;0;Birkeland, Mr. Hans Martin Monsen;male;über 20;0;0;S
774;3;1;Johnson, Mrs. Oscar W (Elisabeth Vilhelmina Berg);female;über 20;0;2;S
775;1;1;Bjornstrom-Steffansson, Mr. Mauritz Hakan;male;über 20;0;0;S
776;3;0;Barry, Miss. Julia;female;über 20;0;0;Q
777;3;0;Lobb, Mr. William Arthur;male;über 20;1;0;S
778;3;0;Lindblom, Miss. Augusta Charlotta;female;über 20;0;0;S
779;1;1;Earnshaw, Mrs. Boulton (Olive Potter);female;über 20;0;1;C
780;1;1;Beckwith, Mrs. Richard Leonard (Sallie Monypeny);female;über 20;1;1;S
781;1;0;Keeping, Mr. Edwin;male;über 20;0;0;C
782;2;1;Hart, Miss. Eva Miriam;female;unter 20;0;2;S
783;2;1;Mellors, Mr. William John;male;unter 20;0;0;S
784;3;0;Canavan, Mr. Patrick;male;über 20;0;0;Q
785;2;1;Buss, Miss. Kate;female;über 20;0;0;S
786;3;0;Leinonen, Mr. Antti Gustaf;male;über 20;0;0;S
787;1;0;Guggenheim, Mr. Benjamin;male;über 20;0;0;C
788;2;0;Butler, Mr. Reginald Fenton;male;über 20;0;0;S
789;3;0;Oreskovic, Miss. Jelka;female;über 20;0;0;S
790;3;0;Vestrom, Miss. Hulda Amanda Adolfina;female;unter 20;0;0;S
791;3;0;Andersson, Miss. Ida Augusta Margareta;female;über 20;2;2;S
792;2;0;Hart, Mr. Benjamin;male;über 20;1;1;S
793;3;1;Sandstrom, Miss. Marguerite Rut;female;unter 20;1;1;S
794;3;0;Jonkoff, Mr. Lalio;male;über 20;0;0;S
795;3;1;Heikkinen, Miss. Laina;female;über 20;0;0;S
796;3;0;Baccos, Mr. Raffull;male;über 20;0;0;C
797;3;1;de Mulder, Mr. Theodore;male;über 20;0;0;S
798;3;1;Chip, Mr. Chang;male;über 20;0;0;S
799;3;0;Berglund, Mr. Karl Ivar Sven;male;über 20;0;0;S
800;3;0;Peacock, Miss. Treasteall;female;unter 20;1;1;S